status,city,whois_server,updated_date,name,dnssec,country,expiration_date,Blacklist_Type_Name,creation_date,domain_name,state,registrar,referral_url,address,name_servers,org,ip_Address_Text,emails,zipcode
clientTransferProhibited https://www.icann.org/epp#clientTransferProhibited,HERNDON,whois.networksolutions.com,"[datetime.datetime(2014, 11, 23, 0, 0), datetime.datetime(2015, 1, 29, 0, 4, 33)]","LLC, networksolutions",Unsigned,US,"[datetime.datetime(2018, 9, 21, 0, 0), datetime.datetime(2018, 9, 21, 4, 0)]",,"[datetime.datetime(2004, 9, 21, 0, 0), datetime.datetime(2004, 9, 21, 18, 30, 24)]",NETSOLHOST.COM,VA,"NETWORK SOLUTIONS, LLC.",http://networksolutions.com,"13861 Sunrise Valley Drive, Suite 300","NS1.NETSOLMAIL.COM,NS2.NETSOLMAIL.COM",Network Solutions LLC,,"abuse@web.com,Domains@web.com,nocsupervisor@networksolutions.com",20171
clientTransferProhibited https://www.icann.org/epp#clientTransferProhibited,HERNDON,whois.networksolutions.com,"[datetime.datetime(2014, 11, 23, 0, 0), datetime.datetime(2015, 1, 29, 0, 4, 33)]","LLC, networksolutions",Unsigned,US,"[datetime.datetime(2018, 9, 21, 0, 0), datetime.datetime(2018, 9, 21, 4, 0)]",,"[datetime.datetime(2004, 9, 21, 0, 0), datetime.datetime(2004, 9, 21, 18, 30, 24)]",NETSOLHOST.COM,VA,"NETWORK SOLUTIONS, LLC.",http://networksolutions.com,"13861 Sunrise Valley Drive, Suite 300","NS1.NETSOLMAIL.COM,NS2.NETSOLMAIL.COM",Network Solutions LLC,,"abuse@web.com,Domains@web.com,nocsupervisor@networksolutions.com",20171
clientTransferProhibited https://www.icann.org/epp#clientTransferProhibited,HERNDON,whois.networksolutions.com,"[datetime.datetime(2014, 11, 23, 0, 0), datetime.datetime(2015, 1, 29, 0, 4, 33)]","LLC, networksolutions",Unsigned,US,"[datetime.datetime(2018, 9, 21, 0, 0), datetime.datetime(2018, 9, 21, 4, 0)]",,"[datetime.datetime(2004, 9, 21, 0, 0), datetime.datetime(2004, 9, 21, 18, 30, 24)]",NETSOLHOST.COM,VA,"NETWORK SOLUTIONS, LLC.",http://networksolutions.com,"13861 Sunrise Valley Drive, Suite 300","NS1.NETSOLMAIL.COM,NS2.NETSOLMAIL.COM",Network Solutions LLC,,"abuse@web.com,Domains@web.com,nocsupervisor@networksolutions.com",20171
clientTransferProhibited https://www.icann.org/epp#clientTransferProhibited,HERNDON,whois.networksolutions.com,"[datetime.datetime(2014, 11, 23, 0, 0), datetime.datetime(2015, 1, 29, 0, 4, 33)]","LLC, networksolutions",Unsigned,US,"[datetime.datetime(2018, 9, 21, 0, 0), datetime.datetime(2018, 9, 21, 4, 0)]",,"[datetime.datetime(2004, 9, 21, 0, 0), datetime.datetime(2004, 9, 21, 18, 30, 24)]",NETSOLHOST.COM,VA,"NETWORK SOLUTIONS, LLC.",http://networksolutions.com,"13861 Sunrise Valley Drive, Suite 300","NS1.NETSOLMAIL.COM,NS2.NETSOLMAIL.COM",Network Solutions LLC,,"abuse@web.com,Domains@web.com,nocsupervisor@networksolutions.com",20171
"clientDeleteProhibited https://www.icann.org/epp#clientDeleteProhibited,clientTransferProhibited https://www.icann.org/epp#clientTransferProhibited,clientUpdateProhibited https://www.icann.org/epp#clientUpdateProhibited",Ferrara,2016-03-10 00:00:00,2016-01-30 02:53:43,Maria Boschi,unsigned,IT,2017-02-20 19:56:13,,2015-02-20 19:56:13,0IF1NL6.ORG,Registrant Postal Code: 44121,LCN.COM Ltd.,www.LCN.com,Corso Giovecca 188,"NS0.LCN.COM,NS1.LCN.COM",Registrant Street: Corso Giovecca 188,,"maroschi2@hotmail.com,support@lcn.com",44121
,,,,,,,,,,,,,,,,,,,
"Active,Registered until cancelled",,,,,,,,,,,,WEST.CN (http://www.west.cn),,,,,,,
"ACTIVE,ok",,,,,,,2016-06-09 00:00:00,,,,,TLD Registrar Solutions Ltd,,,,,,"admin@tldregistrarsolutions.com,pyrads@gmail.com,nic@nic.fr,AfnicRoleObject@internet.bs",
"ACTIVE,ok",,,,,,,2016-06-09 00:00:00,,,,,TLD Registrar Solutions Ltd,,,,,,"admin@tldregistrarsolutions.com,pyrads@gmail.com,nic@nic.fr,AfnicRoleObject@internet.bs",
,,,2016-01-25 00:00:00,,,,2017-02-04 00:00:00,,2003-02-04 00:00:00,,,,,,ns0.easynet.co.uk         195.40.1.250,,,,
"ACTIVE,ok",,,,,,,2016-12-09 00:00:00,,,,,TLD Registrar Solutions Ltd,,,,,,"admin@tldregistrarsolutions.com,pyrads@gmail.com,nic@nic.fr,AfnicRoleObject@internet.bs",
clientTransferProhibited https://icann.org/epp#clientTransferProhibited,Montemerano,2016-03-10 00:00:00,2015-12-17 14:29:01,Luca Vignali,,IT,2016-12-23 14:39:09,,2010-12-23 14:39:09,LAMARIANELLA.INFO,Grosseto,Name.com LLC,www.name.com,vie E. Fermi 8,"NS4FMX.NAME.COM,NS3FLT.NAME.COM,NS1KPV.NAME.COM,NS2DHJ.NAME.COM",EasyAdmin web technologies di Luca Vignali,,web.easyadmin@gmail.com,58014
,,,,,,,,,,,,,,,,,,,
,,,,,,,,,,,,,,,,,,,
,,,,,,,,,,,,,,,,,,,
,,,,,,,,,,,,,,,,,,,
,,,,,,,,,,,,,,,,,,,
,,,,,,,,,,,,,,,,,,,
,,,,,,,,,,,,,,,,,,,
"clientTransferProhibited https://www.icann.org/epp#clientTransferProhibited,clientTransferProhibited https://icann.org/epp#clientTransferProhibited",Belize City,"whois.PublicDomainRegistry.com,whois.publicdomainregistry.com","[datetime.datetime(2015, 9, 5, 0, 0), datetime.datetime(2015, 9, 5, 22, 51, 26)]",Domain Administrator,Unsigned,BZ,"[datetime.datetime(2024, 11, 1, 0, 0), datetime.datetime(2024, 11, 1, 10, 3, 36)]",,"[datetime.datetime(2010, 11, 1, 0, 0), datetime.datetime(2010, 11, 1, 10, 3, 36)]",SECUREFASTSERVER.COM,Belize,"PDR LTD. D/B/A PUBLICDOMAINREGISTRY.COM,PDR Ltd. d/b/a PublicDomainRegistry.com",http://www.publicdomainregistry.com,1 Mapp Str.,"SNS1.SECUREFASTSERVER.COM,SNS2.SECUREFASTSERVER.COM,SNS3.SECUREFASTSERVER.COM,SNS4.SECUREFASTSERVER.COM,sns1.securefastserver.com,sns2.securefastserver.com,sns3.securefastserver.com,sns4.securefastserver.com",Fast Serv Inc. d.b.a. QHoster.com,,"info@qhoster.com,abuse-contact@publicdomainregistry.com",00000
"ACTIVE,ok",,,,,,,2016-12-09 00:00:00,,,,,TLD Registrar Solutions Ltd,,,,,,"admin@tldregistrarsolutions.com,pyrads@gmail.com,nic@nic.fr,AfnicRoleObject@internet.bs",
"clientTransferProhibited https://www.icann.org/epp#clientTransferProhibited,clientTransferProhibited https://icann.org/epp#clientTransferProhibited",Moscow,whois.r01.ru,"[datetime.datetime(2015, 12, 6, 0, 0), datetime.datetime(2015, 12, 7, 2, 8, 47)]",Privacy protection service - whoisproxy.ru.,Unsigned,RU,"[datetime.datetime(2017, 1, 30, 0, 0), datetime.datetime(2017, 1, 30, 4, 8, 50)]",,"[datetime.datetime(2012, 1, 30, 0, 0), datetime.datetime(2012, 1, 30, 5, 8, 50)]",192-168-0-255.COM,Moscow region,"JSC REGISTRAR R01,CJSC REGISTRAR R01",http://r01.ru,"PO box 99, whoisproxy.ru","NS1.MASTERHOST.RU,NS2.MASTERHOST.RU,ns1.masterhost.ru,ns2.masterhost.ru",Privacy protection service - whoisproxy.ru.,,"tld-abuse@r01.ru,192-168-0-255.com@r01.whoisproxy.ru",123308
clientTransferProhibited https://www.icann.org/epp#clientTransferProhibited,Drums,whois.networksolutions.com,"[datetime.datetime(2015, 5, 15, 0, 0), datetime.datetime(2015, 3, 24, 15, 40, 16)]","New Ventures Services, Corp",Unsigned,US,"[datetime.datetime(2016, 3, 13, 0, 0), datetime.datetime(2016, 3, 13, 5, 0)]",,"[datetime.datetime(2014, 3, 13, 0, 0), datetime.datetime(2014, 3, 13, 15, 42, 13)]",HANOGAVELEOY.COM,PA,"NETWORK SOLUTIONS, LLC.",http://networksolutions.com,PO BOX 459,"NS1646.ZTOMY.COM,NS2646.ZTOMY.COM",Registrant Street: PO BOX 459,,"abuse@web.com,admin@newvcorp.com,domadmin@privateregistrations.ws",18222
pendingTransfer https://www.icann.org/epp#pendingTransfer,London,www.enom.com,2016-03-09 10:21:01,SE ELNOUR,unsigned,GB,2016-04-09 11:25:25,,2014-04-09 11:25:25,1st.technology,WESTMINSTER,Enom,http://www.enom.com,23 Crawford St.,"dns3.name-services.com,dns1.name-services.com,dns4.name-services.com,dns5.name-services.com,dns2.name-services.com",Nour,,admin@nuzum.ws,W1H 1BY
"ACTIVE,ok",,,,,,,2016-06-09 00:00:00,,,,,TLD Registrar Solutions Ltd,,,,,,"admin@tldregistrarsolutions.com,pyrads@gmail.com,nic@nic.fr,AfnicRoleObject@internet.bs",
"ACTIVE,ok",,,,,,,2016-12-09 00:00:00,,,,,TLD Registrar Solutions Ltd,,,,,,"admin@tldregistrarsolutions.com,pyrads@gmail.com,nic@nic.fr,AfnicRoleObject@internet.bs",
"CLIENT TRANSFER PROHIBITED,AUTORENEWPERIOD",ikeja,,,steven verheijen,Unsigned,NG,2017-01-28 16:19:18,,,2015LETSDOIT.IN,lagos,Webiq Domains Solutions Pvt. Ltd. (R131-AFIN),,,"[u'DNS3.PARKPAGE.FOUNDATIONAPI.COM', u'DNS4.PARKPAGE.FOUNDATIONAPI.COM', datetime.datetime(2016, 3, 10, 0, 0)]",N/A,,stef.verheijen@yahoo.com,23401
,,,,,,,,,,,,,,,,,,,
,,,,,,,,,,,,,,,,,,,
,,,,,,,,,,,,,,,,,,,
,,,,,,,,,,,,,,,,,,,
"clientDeleteProhibited https://www.icann.org/epp#clientDeleteProhibited,clientTransferProhibited https://www.icann.org/epp#clientTransferProhibited,clientUpdateProhibited https://www.icann.org/epp#clientUpdateProhibited,serverDeleteProhibited https://www.icann.org/epp#serverDeleteProhibited,serverTransferProhibited https://www.icann.org/epp#serverTransferProhibited,serverUpdateProhibited https://www.icann.org/epp#serverUpdateProhibited,clientUpdateProhibited (https://www.icann.org/epp#clientUpdateProhibited),clientTransferProhibited (https://www.icann.org/epp#clientTransferProhibited),clientDeleteProhibited (https://www.icann.org/epp#clientDeleteProhibited),serverUpdateProhibited (https://www.icann.org/epp#serverUpdateProhibited),serverTransferProhibited (https://www.icann.org/epp#serverTransferProhibited),serverDeleteProhibited (https://www.icann.org/epp#serverDeleteProhibited)",Guangzhou,whois.markmonitor.com,"[datetime.datetime(2014, 9, 4, 0, 0), datetime.datetime(2015, 9, 11, 8, 42, 43)]",Timothy Alexander Steinert,unsigned,CN,"[datetime.datetime(2018, 10, 10, 0, 0), datetime.datetime(2018, 10, 10, 2, 48, 8)]",,"[datetime.datetime(2004, 10, 10, 0, 0), datetime.datetime(2004, 10, 10, 2, 48, 8)]","25PP.COM,25pp.com",Guang Dong,"MARKMONITOR INC.,MarkMonitor, Inc.",http://www.markmonitor.com,"F/16 Tower B GRG Plaza, No. 163,Pingyun Rd.","NS1.DNSV5.COM,NS2.DNSV5.COM,ns2.dnsv5.com,ns1.dnsv5.com",????????????????????????????????????,,"abusecomplaints@markmonitor.com,dnsadmin@hk.alibaba-inc.com",510655
"clientTransferProhibited https://www.icann.org/epp#clientTransferProhibited,clientTransferProhibited (https://www.icann.org/epp#clientTransferProhibited)",HOUSTON,"whois.fastdomain.com,whois.bluehost.com","[datetime.datetime(2015, 4, 26, 0, 0), datetime.datetime(2015, 4, 26, 7, 16, 15)]",NATHAN WITTMAN,unsigned,UNITED STATES,"[datetime.datetime(2016, 5, 3, 0, 0), datetime.datetime(2016, 5, 3, 14, 42, 12)]",,"[datetime.datetime(2004, 5, 3, 0, 0), datetime.datetime(2004, 5, 3, 14, 42, 12)]",2AMSPORTS.COM,TEXAS,"FASTDOMAIN, INC.,FastDomain Inc.",http://www.fastdomain.com,9018-B SCRANTON ST,"NS1.BLUEHOST.COM,NS2.BLUEHOST.COM","FILTER TECHNOLOGY COMPANY, INC.",,"abuse@bluehost.com,NWITTMAN@FILTERTEXAS.COM,WHOIS@BLUEHOST.COM",77075
"clientDeleteProhibited https://icann.org/epp#clientDeleteProhibited,clientTransferProhibited https://icann.org/epp#clientTransferProhibited,clientDeleteProhibited https://www.icann.org/epp#clientDeleteProhibited,clientTransferProhibited https://www.icann.org/epp#clientTransferProhibited",shen zhen shi,whois.ename.com,"[datetime.datetime(2015, 12, 28, 1, 12, 24), datetime.datetime(2007, 7, 3, 8, 14, 12)]",hanjian xin,unsigned,CN,2017-07-03 08:14:12,,2007-07-03 08:14:12,"TLD.CC,tld.cc",guang dong,"ENAME TECHNOLOGY CO., LTD.",http://www.ename.net,shenzhen baoan xixiang,"NS01.YUN-NS.CN,NS02.YUN-NS.CN,ns01.yun-ns.cn,ns02.yun-ns.cn",han jian xin,,"abuse@ename.com,jimhan@190.com",518000
"ACTIVE,ok",,,,,,,2016-06-09 00:00:00,,,,,TLD Registrar Solutions Ltd,,,,,,"admin@tldregistrarsolutions.com,pyrads@gmail.com,nic@nic.fr,AfnicRoleObject@internet.bs",
"ok https://www.icann.org/epp#OK,ok",Burlington,whois.domain.com,"[datetime.datetime(2015, 8, 8, 0, 0), datetime.datetime(2015, 10, 24, 3, 10, 18)]",Domain Privacy Service FBO Registrant.,unsigned,US,"[datetime.datetime(2017, 9, 6, 0, 0), datetime.datetime(2017, 9, 6, 0, 10, 2)]",,"[datetime.datetime(2011, 9, 6, 0, 0), datetime.datetime(2011, 9, 6, 0, 10, 2)]",BLUEPOINTMORTGAGE.COM,MA,"DOMAIN.COM, LLC,Domain.com, LLC",http://www.domain.com,10 Corporate Drive Suite 300,"NS1.MYDOMAIN.COM,NS2.MYDOMAIN.COM,NS3.MYDOMAIN.COM,NS4.MYDOMAIN.COM",Domain Privacy Service FBO Registrant.,,"compliance@domain-inc.net,bluepointmortgage.com@domainprivacygroup.com,support@mydomain-inc.com",1803-03-10 00:00:00
"clientTransferProhibited https://www.icann.org/epp#clientTransferProhibited,clientUpdateProhibited https://www.icann.org/epp#clientUpdateProhibited,clientTransferProhibited,clientUpdateProhibited",ladera ranch,whois.domain.com,"[datetime.datetime(2015, 8, 13, 0, 0), datetime.datetime(2015, 9, 15, 22, 21, 43)]",mark matta,unsigned,US,"[datetime.datetime(2016, 8, 27, 0, 0), datetime.datetime(2016, 8, 27, 23, 47, 30)]",,"[datetime.datetime(2012, 8, 27, 0, 0), datetime.datetime(2012, 8, 27, 23, 47, 30)]",COOLERPILLOW.COM,CA,"DOMAIN.COM, LLC,Domain.com, LLC",http://www.domain.com,7 moonlight isle,"NS1.MYDOMAIN.COM,NS2.MYDOMAIN.COM",mark matta,,"compliance@domain-inc.net,mmatta@live.com,support@mydomain.com,support@mydomain-inc.com",92694
"clientDeleteProhibited https://www.icann.org/epp#clientDeleteProhibited,clientTransferProhibited https://www.icann.org/epp#clientTransferProhibited",Xiamenshi,whois.ename.com,"[datetime.datetime(2014, 2, 18, 0, 0), datetime.datetime(2007, 7, 15, 3, 27, 27)]","Xiamen eName Network Co., Ltd.",unsigned,CN,"[datetime.datetime(2016, 7, 15, 0, 0), datetime.datetime(2016, 7, 15, 3, 27, 27)]",,"[datetime.datetime(2007, 7, 15, 0, 0), datetime.datetime(2007, 7, 15, 3, 27, 27)]","33LC.COM,33lc.com",Fujian,"ENAME TECHNOLOGY CO., LTD.,eName Technology Co.,Ltd.",http://www.ename.net,"Software Park wanghai Road No. 19, 603","NS3.DNSV3.COM,NS4.DNSV3.COM,ns3.dnsv3.com,ns4.dnsv3.com","Xiamen eName Network Co., Ltd.",,"abuse@ename.com,iutjrjjux@enamewhois.com",361000
"clientDeleteProhibited https://www.icann.org/epp#clientDeleteProhibited,clientTransferProhibited https://www.icann.org/epp#clientTransferProhibited",wen zhou shi,whois.ename.com,"[datetime.datetime(2016, 1, 12, 0, 0), datetime.datetime(2016, 1, 12, 3, 8, 45)]",limeng,unsigned,CN,"[datetime.datetime(2017, 5, 15, 0, 0), datetime.datetime(2017, 5, 15, 22, 13, 16)]",,"[datetime.datetime(2003, 5, 15, 0, 0), datetime.datetime(2003, 5, 15, 22, 13, 16)]","[datetime.datetime(2016, 3, 10, 3, 3), u'3h3.com']",zhe jiang,"ENAME TECHNOLOGY CO., LTD.,eName Technology Co.,Ltd.",http://www.ename.net,wenzhou ruian,"NS1.DNSV2.COM,NS2.DNSV2.COM,ns1.dnsv2.com,ns2.dnsv2.com",limeng,,"abuse@ename.com,limengg@qq.com",325000
"ACTIVE,ok",,,,,,,2016-06-09 00:00:00,,,,,TLD Registrar Solutions Ltd,,,,,,"admin@tldregistrarsolutions.com,pyrads@gmail.com,nic@nic.fr,AfnicRoleObject@internet.bs",
"ok https://www.icann.org/epp#OK,ok",Kowloon,whois.domain.com,"[datetime.datetime(2015, 10, 24, 0, 0), datetime.datetime(2015, 10, 24, 14, 6, 10)]",Rafique Ahmed,unsigned,HK,"[datetime.datetime(2016, 11, 8, 0, 0), datetime.datetime(2016, 11, 8, 14, 47, 37)]",,"[datetime.datetime(2012, 11, 8, 0, 0), datetime.datetime(2012, 11, 8, 14, 47, 37)]",ANDROIDISLAMIC.COM,na,"DOMAIN.COM, LLC,Domain.com, LLC",http://www.domain.com,2061-03-10 00:00:00,"NS1.DOMAIN.COM,NS2.DOMAIN.COM",Rafique Ahmed,,"compliance@domain-inc.net,ghouri107@gmail.com,support@domain.com,support@domain-inc.net",12345
"clientTransferProhibited https://www.icann.org/epp#clientTransferProhibited,clientUpdateProhibited https://www.icann.org/epp#clientUpdateProhibited",Roma,2016-03-10 00:00:00,2015-08-11 21:45:41,Vilcor multimedia srl,unsigned,US,2016-04-24 16:36:35,,2003-04-24 16:36:35,COLLECORVINO.ORG,Italia,"Domain.com, LLC",www.domain.com,via nicola pellati 49,"NS1.MYDOMAIN.COM,NS2.MYDOMAIN.COM",Registrant Street: via nicola pellati 49,,maurizio@vilcor.it,0149-03-10 00:00:00
"ok https://www.icann.org/epp#OK,ok",roma,whois.domain.com,"[datetime.datetime(2016, 1, 14, 0, 0), datetime.datetime(2016, 1, 14, 22, 38, 11)]",Maurizio Corati,unsigned,IT,"[datetime.datetime(2017, 1, 29, 0, 0), datetime.datetime(2017, 1, 29, 17, 3, 55)]",,"[datetime.datetime(2009, 1, 29, 0, 0), datetime.datetime(2009, 1, 29, 17, 3, 55)]",DLEVO.COM,italia,"DOMAIN.COM, LLC,Domain.com, LLC",http://www.domain.com,via nicola pellati 49,"NS1.MYDOMAIN.COM,NS2.MYDOMAIN.COM,NS3.MYDOMAIN.COM",vilcor multimedia srl,,"compliance@domain-inc.net,maurizio.corati@vilcor.it,support@mydomain-inc.com",0149-03-10 00:00:00
"ok https://www.icann.org/epp#OK,ok",roma,whois.domain.com,"[datetime.datetime(2016, 1, 14, 0, 0), datetime.datetime(2016, 1, 14, 16, 39, 8)]",Maurizio Corati,unsigned,IT,"[datetime.datetime(2017, 1, 27, 0, 0), datetime.datetime(2017, 1, 27, 17, 31, 8)]",,"[datetime.datetime(2009, 1, 27, 0, 0), datetime.datetime(2009, 1, 27, 17, 31, 8)]",E-WHY.NET,italia,"DOMAIN.COM, LLC,Domain.com, LLC",http://www.domain.com,via nicola pellati 49,"NS1.MYDOMAIN.COM,NS2.MYDOMAIN.COM,NS3.MYDOMAIN.COM,NS4.MYDOMAIN.COM",vilcor multimedia srl,,"compliance@domain-inc.net,maurizio.corati@vilcor.it,support@mydomain-inc.com",0149-03-10 00:00:00
,,,,,,,,,,,,,,,,,,,
ok,,,2015-09-26 17:10:05,,,,2016-10-11 23:59:59,,2010-10-12 08:11:45,NEWENERGYDATA.BIZ,,"DOMAIN.COM, LLC",,,"NS1.MYDOMAIN.COM,NS2.MYDOMAIN.COM,NS3.MYDOMAIN.COM,NS4.MYDOMAIN.COM",,,,
ok https://icann.org/epp#ok,roma,2016-03-10 00:00:00,2015-10-01 15:45:05,Maurizio Corati,,IT,2016-10-12 08:11:37,,2010-10-12 08:11:37,NEWENERGYDATA.INFO,italia,"Domain.com,LLC",http://www.domain.com,via nicola pellati 49,"NS1.MYDOMAIN.COM,NS2.MYDOMAIN.COM,NS3.MYDOMAIN.COM,NS4.MYDOMAIN.COM",vilcor multimedia srl,,maurizio.corati@vilcor.it,0149-03-10 00:00:00
